failure,count,percent
comp1,192,25.229960578186596
comp2,259,34.03416557161629
comp3,131,17.21419185282523
comp4,179,23.52168199737188
